{
  "Use Non-ASCII Font" : false,
  "Tags" : [

  ],
  "Ansi 12 Color" : {
    "Green Component" : 0.42590731382369995,
    "Blue Component" : 0.89109110832214355,
    "Red Component" : 0.093434453010559082
  },
  "Ansi 6 Color" : {
    "Green Component" : 0.56019961833953857,
    "Blue Component" : 0.64178985357284546,
    "Red Component" : 0.34018850326538086
  },
  "Normal Font" : "Monaco 12",
  "Bold Color" : {
    "Green Component" : 1,
    "Blue Component" : 0.69725716114044189,
    "Red Component" : 0.99575066566467285
  },
  "Ansi 2 Color" : {
    "Green Component" : 0.60448122024536133,
    "Blue Component" : 0.23052853345870972,
    "Red Component" : 0.52787607908248901
  },
  "Ansi 4 Color" : {
    "Green Component" : 0.46348986029624939,
    "Blue Component" : 0.63280379772186279,
    "Red Component" : 0.3079511821269989
  },
  "Ansi 5 Color" : {
    "Green Component" : 0.36032408475875854,
    "Blue Component" : 0.5548633337020874,
    "Red Component" : 0.5216478705406189
  },
  "Rows" : 58,
  "Default Bookmark" : "No",
  "Cursor Guide Color" : {
    "Red Component" : 0.70213186740875244,
    "Color Space" : "sRGB",
    "Blue Component" : 1,
    "Alpha Component" : 0.25,
    "Green Component" : 0.9268307089805603
  },
  "Non-ASCII Anti Aliased" : true,
  "Use Bright Bold" : true,
  "Ansi 10 Color" : {
    "Green Component" : 0.44594758749008179,
    "Blue Component" : 0.18262514472007751,
    "Red Component" : 0.058273889124393463
  },
  "Ambiguous Double Width" : false,
  "Jobs to Ignore" : [
    "rlogin",
    "ssh",
    "slogin",
    "telnet"
  ],
  "Ansi 15 Color" : {
    "Green Component" : 1,
    "Blue Component" : 0.72441869974136353,
    "Red Component" : 0.99088609218597412
  },
  "Foreground Color" : {
    "Green Component" : 0.73772752285003662,
    "Blue Component" : 0.72799122333526611,
    "Red Component" : 0.72378784418106079
  },
  "Working Directory" : "\/Users\/stolmachev",
  "Blinking Cursor" : false,
  "Space" : 0,
  "Sync Title" : false,
  "Prompt Before Closing 2" : false,
  "BM Growl" : true,
  "Command" : "\/usr\/local\/bin\/bash",
  "Description" : "Default",
  "Mouse Reporting" : true,
  "Disable Window Resizing" : true,
  "Screen" : -1,
  "Selection Color" : {
    "Green Component" : 0.17529888451099396,
    "Blue Component" : 0.19518557190895081,
    "Red Component" : 0.16332042217254639
  },
  "Initial Use Transparency" : false,
  "Columns" : 228,
  "Idle Code" : 0,
  "Ansi 13 Color" : {
    "Green Component" : 0,
    "Blue Component" : 0.40404337644577026,
    "Red Component" : 0.98593467473983765
  },
  "Custom Command" : "Custom Shell",
  "ASCII Anti Aliased" : true,
  "Non Ascii Font" : "Monaco 12",
  "Vertical Spacing" : 1,
  "Use Bold Font" : true,
  "Option Key Sends" : 2,
  "Selected Text Color" : {
    "Green Component" : 0.73772752285003662,
    "Blue Component" : 0.72799122333526611,
    "Red Component" : 0.72378784418106079
  },
  "Background Color" : {
    "Green Component" : 0.12050691246986389,
    "Blue Component" : 0.12050896137952805,
    "Red Component" : 0.1205105185508728
  },
  "Character Encoding" : 4,
  "Ansi 11 Color" : {
    "Green Component" : 0.44065150618553162,
    "Blue Component" : 0.20107564330101013,
    "Red Component" : 0.76750457286834717
  },
  "Use Italic Font" : true,
  "Unlimited Scrollback" : true,
  "Keyboard Map" : {
    "0xf700-0x260000" : {
      "Text" : "[1;6A",
      "Action" : 10
    },
    "0x37-0x40000" : {
      "Text" : "0x1f",
      "Action" : 11
    },
    "0x32-0x40000" : {
      "Text" : "0x00",
      "Action" : 11
    },
    "0xf709-0x20000" : {
      "Text" : "[17;2~",
      "Action" : 10
    },
    "0xf70c-0x20000" : {
      "Text" : "[20;2~",
      "Action" : 10
    },
    "0xf729-0x20000" : {
      "Text" : "[1;2H",
      "Action" : 10
    },
    "0xf72b-0x40000" : {
      "Text" : "[1;5F",
      "Action" : 10
    },
    "0xf705-0x20000" : {
      "Text" : "[1;2Q",
      "Action" : 10
    },
    "0xf703-0x260000" : {
      "Text" : "[1;6C",
      "Action" : 10
    },
    "0xf700-0x220000" : {
      "Text" : "[1;2A",
      "Action" : 10
    },
    "0xf701-0x280000" : {
      "Text" : "0x1b 0x1b 0x5b 0x42",
      "Action" : 11
    },
    "0x38-0x40000" : {
      "Text" : "0x7f",
      "Action" : 11
    },
    "0x33-0x40000" : {
      "Text" : "0x1b",
      "Action" : 11
    },
    "0xf703-0x220000" : {
      "Text" : "[1;2C",
      "Action" : 10
    },
    "0xf701-0x240000" : {
      "Text" : "[1;5B",
      "Action" : 10
    },
    "0xf703-0x280000-0x0" : {
      "Label" : "",
      "Action" : 10,
      "Text" : "f"
    },
    "0xf70d-0x20000" : {
      "Text" : "[21;2~",
      "Action" : 10
    },
    "0xf702-0x260000" : {
      "Text" : "[1;6D",
      "Action" : 10
    },
    "0xf729-0x40000" : {
      "Text" : "[1;5H",
      "Action" : 10
    },
    "0xf706-0x20000" : {
      "Text" : "[1;2R",
      "Action" : 10
    },
    "0x34-0x40000" : {
      "Text" : "0x1c",
      "Action" : 11
    },
    "0xf700-0x280000" : {
      "Text" : "0x1b 0x1b 0x5b 0x41",
      "Action" : 11
    },
    "0x2d-0x40000" : {
      "Text" : "0x1f",
      "Action" : 11
    },
    "0xf70e-0x20000" : {
      "Text" : "[23;2~",
      "Action" : 10
    },
    "0xf702-0x220000" : {
      "Text" : "[1;2D",
      "Action" : 10
    },
    "0xf700-0x240000" : {
      "Text" : "[1;5A",
      "Action" : 10
    },
    "0xf707-0x20000" : {
      "Text" : "[1;2S",
      "Action" : 10
    },
    "0xf70a-0x20000" : {
      "Text" : "[18;2~",
      "Action" : 10
    },
    "0x35-0x40000" : {
      "Text" : "0x1d",
      "Action" : 11
    },
    "0xf70f-0x20000" : {
      "Text" : "[24;2~",
      "Action" : 10
    },
    "0xf703-0x240000" : {
      "Text" : "[1;5C",
      "Action" : 10
    },
    "0xf701-0x260000" : {
      "Text" : "[1;6B",
      "Action" : 10
    },
    "0xf72b-0x20000" : {
      "Text" : "[1;2F",
      "Action" : 10
    },
    "0x36-0x40000" : {
      "Text" : "0x1e",
      "Action" : 11
    },
    "0xf708-0x20000" : {
      "Text" : "[15;2~",
      "Action" : 10
    },
    "0xf701-0x220000" : {
      "Text" : "[1;2B",
      "Action" : 10
    },
    "0xf70b-0x20000" : {
      "Text" : "[19;2~",
      "Action" : 10
    },
    "0xf702-0x280000-0x0" : {
      "Label" : "",
      "Action" : 10,
      "Text" : "b"
    },
    "0xf702-0x240000" : {
      "Text" : "[1;5D",
      "Action" : 10
    },
    "0xf704-0x20000" : {
      "Text" : "[1;2P",
      "Action" : 10
    }
  },
  "Window Type" : 15,
  "Background Image Location" : "",
  "Blur" : false,
  "Badge Color" : {
    "Red Component" : 1,
    "Color Space" : "sRGB",
    "Blue Component" : 0,
    "Alpha Component" : 0.5,
    "Green Component" : 0.1491314172744751
  },
  "Scrollback Lines" : 0,
  "Send Code When Idle" : false,
  "Close Sessions On End" : true,
  "Terminal Type" : "xterm-256color",
  "Visual Bell" : false,
  "Flashing Bell" : false,
  "Silence Bell" : true,
  "Ansi 14 Color" : {
    "Green Component" : 0.43889713287353516,
    "Blue Component" : 0.42635926604270935,
    "Red Component" : 0.1796993762254715
  },
  "Name" : "Default",
  "Cursor Text Color" : {
    "Green Component" : 0.089508526027202606,
    "Blue Component" : 0.089510045945644379,
    "Red Component" : 0.089511208236217499
  },
  "Shortcut" : "",
  "Cursor Color" : {
    "Green Component" : 0.24263888597488403,
    "Blue Component" : 0.098565541207790375,
    "Red Component" : 0.9727436900138855
  },
  "Transparency" : 0,
  "Ansi 0 Color" : {
    "Green Component" : 0.23855249583721161,
    "Blue Component" : 0.26370203495025635,
    "Red Component" : 0.22909823060035706
  },
  "Custom Directory" : "No",
  "Link Color" : {
    "Red Component" : 0,
    "Color Space" : "sRGB",
    "Blue Component" : 0.73423302173614502,
    "Alpha Component" : 1,
    "Green Component" : 0.35916060209274292
  },
  "Ansi 1 Color" : {
    "Green Component" : 0.24612078070640564,
    "Blue Component" : 0.28296563029289246,